"Transaction Date","Revenue Location ID","Revenue Location Name","Transaction Location ID","Transaction Location Name","Payment Type","Product ID","Product Name","Amount","Account ID","Account Name","Batch/Deposit Date","Batch ID","Deposit ID","Revenue Note"
"03/30/2020","12802834","Medoc Mountain State Park","12802834","Medoc Mountain State Park","CASH","","","77.00","2000.1601.000300000","Default Overpayment Deposit","02/17/2020","","285895723",""
"03/30/2020","12802834","Medoc Mountain State Park","12802834","Medoc Mountain State Park","CASH","1403","Shelter","(80.00)","3000.1601.434410008","Picnic Shelter rentals","02/17/2020","","285895723",""
"03/30/2020","12802834","Medoc Mountain State Park","12802834","Medoc Mountain State Park","CASH","1403","Shelter","3.00","3000.1601.435900001","CRS Vendor Fees (Transaction Fees)","02/17/2020","","285895723",""
"03/30/2020","12802860","Pilot Mountain State Park","12802860","Pilot Mountain State Park","VISA","","","0.00","2000.1601.000300000","Default Overpayment Deposit","03/28/2020","287474058","",""
"03/30/2020","12802860","Pilot Mountain State Park","12802860","Pilot Mountain State Park","VISA","1682","003","26.00","2000.1601.000218110","Gift Card","03/28/2020","287474058","",""
"03/30/2020","12802860","Pilot Mountain State Park","12802860","Pilot Mountain State Park","VISA","1682","003","(23.00)","3000.1601.434410003","campsite rentals","03/28/2020","287474058","",""
"03/30/2020","12802860","Pilot Mountain State Park","12802860","Pilot Mountain State Park","VISA","1682","003","(3.00)","3000.1601.435900001","CRS Vendor Fees (Transaction Fees)","03/28/2020","287474058","",""
"03/31/2020","12802853","Lake Norman State Park","12802853","Lake Norman State Park","DISC","","","(198.00)","2000.1601.000218110","Gift Card","02/19/2020","285995756","",""
"03/31/2020","12802853","Lake Norman State Park","12802853","Lake Norman State Park","DISC","","","198.00","2000.1601.000300000","Default Overpayment Deposit","02/19/2020","285995756","",""
"03/31/2020","12802856","Morrow Mountain State Park","12802856","Morrow Mountain State Park","CASH","","","(0.01)","3000.1601.000200000","Default Overage/Shortage","04/03/2020","","287583707",""
"03/31/2020","12802856","Morrow Mountain State Park","12802856","Morrow Mountain State Park","CASH","140853","discounted shirts","1.31","2000.1601.000211940","sales tax payable","04/03/2020","","287583707",""
"03/31/2020","12802856","Morrow Mountain State Park","12802856","Morrow Mountain State Park","CASH","140853","discounted shirts","18.70","3000.1601.434150004","PFR Revenues-Other","04/03/2020","","287583707",""
"03/31/2020","12802856","Morrow Mountain State Park","12802856","Morrow Mountain State Park","PER CHQ","9200","Reimbursement-Other Utilities","393.81","3000.1601.000538322","Reimbursement-operating expenses","04/03/2020","","287583707",""
"03/31/2020","12802856","Morrow Mountain State Park","12802856","Morrow Mountain State Park","VISA","9200","Reimbursement-Other Utilities","397.71","3000.1601.000538322","Reimbursement-operating expenses","03/31/2020","287563852","",""
"03/31/2020","12802856","Morrow Mountain State Park","12802856","Morrow Mountain State Park","VISA","68552","MOMO - STONEWARE MUG","1.44","2000.1601.000211940","sales tax payable","03/31/2020","287563852","",""
"03/31/2020","12802856","Morrow Mountain State Park","12802856","Morrow Mountain State Park","VISA","68552","MOMO - STONEWARE MUG","20.56","3000.1601.434150004","PFR Revenues-Other","03/31/2020","287563852","",""
"03/31/2020","12802856","Morrow Mountain State Park","12802856","Morrow Mountain State Park","VISA","129602","short sleeve","0.98","2000.1601.000211940","sales tax payable","03/31/2020","287563852","",""
"03/31/2020","12802856","Morrow Mountain State Park","12802856","Morrow Mountain State Park","VISA","129602","short sleeve","14.02","3000.1601.434150004","PFR Revenues-Other","03/31/2020","287563852","",""
"03/31/2020","12802859","New River State Park","12802859","New River State Park","VISA","","","74.00","2000.1601.000300000","Default Overpayment Deposit","02/24/2020","286175370","",""
"03/31/2020","12802859","New River State Park","12802859","New River State Park","VISA","6065","024","(19.00)","3000.1601.434410003","campsite rentals","02/24/2020","286175370","",""
"03/31/2020","12802859","New River State Park","12802859","New River State Park","VISA","6065","024","(3.00)","3000.1601.435900001","CRS Vendor Fees (Transaction Fees)","02/24/2020","286175370","",""
"03/31/2020","12802859","New River State Park","12802859","New River State Park","VISA","6067","026","(19.00)","3000.1601.434410003","campsite rentals","02/24/2020","286175370","",""
"03/31/2020","12802859","New River State Park","12802859","New River State Park","VISA","6067","026","(3.00)","3000.1601.435900001","CRS Vendor Fees (Transaction Fees)","02/24/2020","286175370","",""
"03/31/2020","12802859","New River State Park","12802859","New River State Park","VISA","144052","New River Prathers Creek Primitive Paddle-in ONLY Campground","(24.00)","3000.1601.434410003","campsite rentals","02/24/2020","286175370","",""
"03/31/2020","12802859","New River State Park","12802859","New River State Park","VISA","144052","New River Prathers Creek Primitive Paddle-in ONLY Campground","(6.00)","3000.1601.435900001","CRS Vendor Fees (Transaction Fees)","02/24/2020","286175370","",""
"03/31/2020","12802860","Pilot Mountain State Park","12802860","Pilot Mountain State Park","VISA","","","30.00","2000.1601.000300000","Default Overpayment Deposit","02/24/2020","286175370","",""
"03/31/2020","12802861","South Mountains State Park","12802861","South Mountains State Park","VISA","79254","Charcoal","0.24","2000.1601.000211940","sales tax payable","03/31/2020","287563852","",""
"03/31/2020","12802861","South Mountains State Park","12802861","South Mountains State Park","VISA","79254","Charcoal","3.51","3000.1601.434150004","PFR Revenues-Other","03/31/2020","287563852","",""
"03/31/2020","12802861","South Mountains State Park","12802861","South Mountains State Park","VISA","81952","Duraflame Fire Log","0.47","2000.1601.000211940","sales tax payable","03/31/2020","287563852","",""
"03/31/2020","12802861","South Mountains State Park","12802861","South Mountains State Park","VISA","81952","Duraflame Fire Log","7.02","3000.1601.434150004","PFR Revenues-Other","03/31/2020","287563852","",""
"03/31/2020","12802861","South Mountains State Park","12802861","South Mountains State Park","VISA","83302","Marshmallows","0.09","2000.1601.000211940","sales tax payable","03/31/2020","287563852","",""
"03/31/2020","12802861","South Mountains State Park","12802861","South Mountains State Park","VISA","83302","Marshmallows","1.40","3000.1601.434150004","PFR Revenues-Other","03/31/2020","287563852","",""
"03/31/2020","12802861","South Mountains State Park","12802861","South Mountains State Park","VISA","91702","Rope","0.28","2000.1601.000211940","sales tax payable","03/31/2020","287563852","",""
"03/31/2020","12802861","South Mountains State Park","12802861","South Mountains State Park","VISA","91702","Rope","4.21","3000.1601.434150004","PFR Revenues-Other","03/31/2020","287563852","",""
"03/31/2020","12802904","Kerr Lake State Recreation Area","12802904","Kerr Lake State Recreation Area","VISA","3670","S.P. Community Bldg.","0.00","3000.1601.434410007","Community Building rentals ","01/18/2020","284683059","",""
"03/31/2020","12802904","Kerr Lake State Recreation Area","12802904","Kerr Lake State Recreation Area","VISA","3670","S.P. Community Bldg.","0.00","3000.1601.435900001","CRS Vendor Fees (Transaction Fees)","01/18/2020","284683059","",""
"04/01/2020","12802811","Hammocks Beach State Park","12802811","Hammocks Beach State Park","VISA","","","60.00","2000.1601.000300000","Default Overpayment Deposit","01/30/2020","285173025","",""
"04/01/2020","12802811","Hammocks Beach State Park","12802811","Hammocks Beach State Park","VISA","1605","009","(24.00)","3000.1601.434410003","campsite rentals","01/30/2020","285173025","",""
"04/01/2020","12802811","Hammocks Beach State Park","12802811","Hammocks Beach State Park","VISA","1605","009","(6.00)","3000.1601.435900001","CRS Vendor Fees (Transaction Fees)","01/30/2020","285173025","",""
"04/01/2020","12802811","Hammocks Beach State Park","12802811","Hammocks Beach State Park","VISA","1606","010","(24.00)","3000.1601.434410003","campsite rentals","01/30/2020","285173025","",""
"04/01/2020","12802811","Hammocks Beach State Park","12802811","Hammocks Beach State Park","VISA","1606","010","(6.00)","3000.1601.435900001","CRS Vendor Fees (Transaction Fees)","01/30/2020","285173025","",""
"04/01/2020","12802832","Jones Lake State Park","12802832","Jones Lake State Park","VISA","26001","Employee Hoodie","0.95","2000.1601.000211940","sales tax payable","04/01/2020","287568994","",""
"04/01/2020","12802832","Jones Lake State Park","12802832","Jones Lake State Park","VISA","26001","Employee Hoodie","14.05","3000.1601.434150004","PFR Revenues-Other","04/01/2020","287568994","",""
"04/01/2020","12802853","Lake Norman State Park","12802853","Lake Norman State Park","CASH","","","(0.01)","3000.1601.000200000","Default Overage/Shortage","04/03/2020","","287587635",""
"04/01/2020","12802853","Lake Norman State Park","12802853","Lake Norman State Park","CASH","8324","FIREWOOD","0.63","2000.1601.000211940","sales tax payable","04/03/2020","","287587635",""
"04/01/2020","12802853","Lake Norman State Park","12802853","Lake Norman State Park","CASH","8324","FIREWOOD","9.37","3000.1601.434150004","PFR Revenues-Other","04/03/2020","","287587635",""
"04/01/2020","12802853","Lake Norman State Park","12802853","Lake Norman State Park","CASH","8401","FOOD-M & M PEANUT CANDY","0.06","2000.1601.000211940","sales tax payable","04/03/2020","","287587635",""
"04/01/2020","12802853","Lake Norman State Park","12802853","Lake Norman State Park","CASH","8401","FOOD-M & M PEANUT CANDY","0.94","3000.1601.434150004","PFR Revenues-Other","04/03/2020","","287587635",""
"04/01/2020","12802853","Lake Norman State Park","12802853","Lake Norman State Park","CASH","8416","FOOD-SNICKERS CANDY BAR","0.12","2000.1601.000211940","sales tax payable","04/03/2020","","287587635",""
"04/01/2020","12802853","Lake Norman State Park","12802853","Lake Norman State Park","CASH","8416","FOOD-SNICKERS CANDY BAR","1.88","3000.1601.434150004","PFR Revenues-Other","04/03/2020","","287587635",""
"04/01/2020","12802853","Lake Norman State Park","12802853","Lake Norman State Park","CASH","60004","DR PEPPER","0.26","2000.1601.000211940","sales tax payable","04/03/2020","","287587635",""
"04/01/2020","12802853","Lake Norman State Park","12802853","Lake Norman State Park","CASH","60004","DR PEPPER","3.74","3000.1601.434150004","PFR Revenues-Other","04/03/2020","","287587635",""
"04/01/2020","12802853","Lake Norman State Park","12802853","Lake Norman State Park","CASH","65554","MT DEW","0.13","2000.1601.000211940","sales tax payable","04/03/2020","","287587635",""
"04/01/2020","12802853","Lake Norman State Park","12802853","Lake Norman State Park","CASH","65554","MT DEW","1.87","3000.1601.434150004","PFR Revenues-Other","04/03/2020","","287587635",""
"04/01/2020","12802853","Lake Norman State Park","12802853","Lake Norman State Park","CASH","99402","Famous Amos Bite Size Chocolate Chip Cookies","0.13","2000.1601.000211940","sales tax payable","04/03/2020","","287587635",""
"04/01/2020","12802853","Lake Norman State Park","12802853","Lake Norman State Park","CASH","99402","Famous Amos Bite Size Chocolate Chip Cookies","1.88","3000.1601.434150004","PFR Revenues-Other","04/03/2020","","287587635",""
"04/01/2020","12802853","Lake Norman State Park","12802853","Lake Norman State Park","CASH","136952","Propel Strawberry Raspberry Water","0.13","2000.1601.000211940","sales tax payable","04/03/2020","","287587635",""
"04/01/2020","12802853","Lake Norman State Park","12802853","Lake Norman State Park","CASH","136952","Propel Strawberry Raspberry Water","1.87","3000.1601.434150004","PFR Revenues-Other","04/03/2020","","287587635",""
"04/01/2020","12802853","Lake Norman State Park","12802853","Lake Norman State Park","CASH","144152","Pepsi Wild Cherry","0.13","2000.1601.000211940","sales tax payable","04/03/2020","","287587635",""
"04/01/2020","12802853","Lake Norman State Park","12802853","Lake Norman State Park","CASH","144152","Pepsi Wild Cherry","1.87","3000.1601.434150004","PFR Revenues-Other","04/03/2020","","287587635",""
"04/01/2020","12802853","Lake Norman State Park","12802853","Lake Norman State Park","CASH","147260","Combos Cheddar Cheese Baked Cracker","0.06","2000.1601.000211940","sales tax payable","04/03/2020","","287587635",""
"04/01/2020","12802853","Lake Norman State Park","12802853","Lake Norman State Park","CASH","147260","Combos Cheddar Cheese Baked Cracker","0.94","3000.1601.434150004","PFR Revenues-Other","04/03/2020","","287587635",""
"04/01/2020","12802853","Lake Norman State Park","12802853","Lake Norman State Park","MC","","","(59.00)","2000.1601.000218110","Gift Card","02/14/2020","285767472","",""
"04/01/2020","12802853","Lake Norman State Park","12802853","Lake Norman State Park","MC","","","59.00","2000.1601.000300000","Default Overpayment Deposit","02/14/2020","285767472","",""
"04/01/2020","12802853","Lake Norman State Park","12802853","Lake Norman State Park","MC","1536","011","0.00","3000.1601.434410003","campsite rentals","02/14/2020","285767472","",""
"04/01/2020","12802853","Lake Norman State Park","12802853","Lake Norman State Park","MC","1537","012","3.00","2000.1601.000218110","Gift Card","02/14/2020","285767472","",""
"04/01/2020","12802853","Lake Norman State Park","12802853","Lake Norman State Park","MC","1537","012","(3.00)","3000.1601.434410003","campsite rentals","02/14/2020","285767472","",""
"04/01/2020","12802853","Lake Norman State Park","12802853","Lake Norman State Park","MC","1541","016","0.00","3000.1601.435900001","CRS Vendor Fees (Transaction Fees)","02/14/2020","285767472","",""
"04/01/2020","12802853","Lake Norman State Park","12802853","Lake Norman State Park","MC","1542","017","19.00","2000.1601.000218110","Gift Card","02/14/2020","285767472","",""
"04/01/2020","12802853","Lake Norman State Park","12802853","Lake Norman State Park","MC","1542","017","(19.00)","3000.1601.434410003","campsite rentals","02/14/2020","285767472","",""
"04/01/2020","12802853","Lake Norman State Park","12802853","Lake Norman State Park","MC","1542","017","0.00","3000.1601.435900001","CRS Vendor Fees (Transaction Fees)","02/14/2020","285767472","",""
"04/01/2020","12802853","Lake Norman State Park","12802853","Lake Norman State Park","MC","1543","018","0.00","3000.1601.435900001","CRS Vendor Fees (Transaction Fees)","02/14/2020","285767472","",""
"04/01/2020","12802853","Lake Norman State Park","12802853","Lake Norman State Park","VISA","1539","014","0.00","3000.1601.434410003","campsite rentals","02/18/2020","285941810","",""
"04/01/2020","12802853","Lake Norman State Park","12802853","Lake Norman State Park","VISA","1539","014","0.00","3000.1601.435900001","CRS Vendor Fees (Transaction Fees)","02/18/2020","285941810","",""
"04/01/2020","12802853","Lake Norman State Park","12802853","Lake Norman State Park","MC","1535","010","0.00","3000.1601.434410003","campsite rentals","03/04/2020","286572550","",""
"04/01/2020","12802853","Lake Norman State Park","12802853","Lake Norman State Park","MC","1535","010","0.00","3000.1601.435900001","CRS Vendor Fees (Transaction Fees)","03/04/2020","286572550","",""
"04/01/2020","12802853","Lake Norman State Park","12802853","Lake Norman State Park","MC","1532","007","0.00","3000.1601.434410003","campsite rentals","03/13/2020","287020150","",""
"04/01/2020","12802853","Lake Norman State Park","12802853","Lake Norman State Park","MC","1532","007","0.00","3000.1601.435900001","CRS Vendor Fees (Transaction Fees)","03/13/2020","287020150","",""
"04/01/2020","12802853","Lake Norman State Park","12802853","Lake Norman State Park","MC","1538","013","0.00","3000.1601.434410003","campsite rentals","03/13/2020","287020150","",""
"04/01/2020","12802853","Lake Norman State Park","12802853","Lake Norman State Park","MC","1538","013","0.00","3000.1601.435900001","CRS Vendor Fees (Transaction Fees)","03/13/2020","287020150","",""
"04/01/2020","12802853","Lake Norman State Park","12802853","Lake Norman State Park","VISA","1537","012","0.00","3000.1601.435900001","CRS Vendor Fees (Transaction Fees)","03/16/2020","287171863","",""
"04/01/2020","12802853","Lake Norman State Park","12802853","Lake Norman State Park","VISA","1541","016","0.00","3000.1601.434410003","campsite rentals","03/16/2020","287171863","",""
"04/01/2020","12802853","Lake Norman State Park","12802853","Lake Norman State Park","VISA","9200","Reimbursement-Other Utilities","46.31","3000.1601.000538322","Reimbursement-operating expenses","04/01/2020","287568994","",""
"04/01/2020","12802860","Pilot Mountain State Park","12802860","Pilot Mountain State Park","VISA","","","44.00","2000.1601.000300000","Default Overpayment Deposit","03/02/2020","286485181","",""
"04/01/2020","12802904","Kerr Lake State Recreation Area","12802904","Kerr Lake State Recreation Area","MC","","","99.00","2000.1601.000300000","Default Overpayment Deposit","09/06/2019","279115236","",""
"04/01/2020","12802904","Kerr Lake State Recreation Area","12802904","Kerr Lake State Recreation Area","MC","5120","056","(90.00)","3000.1601.434410003","campsite rentals","09/06/2019","279115236","",""
"04/01/2020","12802904","Kerr Lake State Recreation Area","12802904","Kerr Lake State Recreation Area","MC","5120","056","(9.00)","3000.1601.435900001","CRS Vendor Fees (Transaction Fees)","09/06/2019","279115236","",""
"04/01/2020","12802904","Kerr Lake State Recreation Area","12802904","Kerr Lake State Recreation Area","VISA","","","396.00","2000.1601.000300000","Default Overpayment Deposit","02/04/2020","285376897","",""
"04/01/2020","12802904","Kerr Lake State Recreation Area","12802904","Kerr Lake State Recreation Area","VISA","3668","Bullocksville Community Bldg.","(390.00)","3000.1601.434410007","Community Building rentals ","02/04/2020","285376897","",""
"04/01/2020","12802904","Kerr Lake State Recreation Area","12802904","Kerr Lake State Recreation Area","VISA","3668","Bullocksville Community Bldg.","(6.00)","3000.1601.435900001","CRS Vendor Fees (Transaction Fees)","02/04/2020","285376897","",""
"04/02/2020","12802853","Lake Norman State Park","12802853","Lake Norman State Park","CASH","","","0.01","3000.1601.000200000","Default Overage/Shortage","04/03/2020","","287587635",""
"04/02/2020","12802853","Lake Norman State Park","12802853","Lake Norman State Park","CASH","8378","FOOD-HERSHEYS PLAIN CANDY BAR","0.06","2000.1601.000211940","sales tax payable","04/03/2020","","287587635",""
"04/02/2020","12802853","Lake Norman State Park","12802853","Lake Norman State Park","CASH","8378","FOOD-HERSHEYS PLAIN CANDY BAR","0.94","3000.1601.434150004","PFR Revenues-Other","04/03/2020","","287587635",""
"04/02/2020","12802853","Lake Norman State Park","12802853","Lake Norman State Park","CASH","57752","FOOD-ICE CREAM, KING COOKIES & CREAM COOKIE SANDWICH, BLUE BUNNY","0.25","2000.1601.000211940","sales tax payable","04/03/2020","","287587635",""
"04/02/2020","12802853","Lake Norman State Park","12802853","Lake Norman State Park","CASH","57752","FOOD-ICE CREAM, KING COOKIES & CREAM COOKIE SANDWICH, BLUE BUNNY","3.74","3000.1601.434150004","PFR Revenues-Other","04/03/2020","","287587635",""
"04/02/2020","12802853","Lake Norman State Park","12802853","Lake Norman State Park","CASH","143602","Clif Bar - Blueberry Crisp","0.13","2000.1601.000211940","sales tax payable","04/03/2020","","287587635",""
"04/02/2020","12802853","Lake Norman State Park","12802853","Lake Norman State Park","CASH","143602","Clif Bar - Blueberry Crisp","1.87","3000.1601.434150004","PFR Revenues-Other","04/03/2020","","287587635",""
"04/02/2020","12802853","Lake Norman State Park","12802853","Lake Norman State Park","VISA","103502","Aquafina Water","0.13","2000.1601.000211940","sales tax payable","04/02/2020","287578910","",""
"04/02/2020","12802853","Lake Norman State Park","12802853","Lake Norman State Park","VISA","103502","Aquafina Water","1.87","3000.1601.434150004","PFR Revenues-Other","04/02/2020","287578910","",""
"04/02/2020","12802856","Morrow Mountain State Park","12802856","Morrow Mountain State Park","VISA","","","468.00","2000.1601.000300000","Default Overpayment Deposit","06/08/2019","269069904","",""
"04/02/2020","12802856","Morrow Mountain State Park","12802856","Morrow Mountain State Park","VISA","2362","Cabin 6","(202.00)","3000.1601.434410004","Cabin rentals","06/08/2019","269069904","",""
"04/02/2020","12802856","Morrow Mountain State Park","12802856","Morrow Mountain State Park","VISA","2362","Cabin 6","(6.00)","3000.1601.435900001","CRS Vendor Fees (Transaction Fees)","06/08/2019","269069904","",""
"04/02/2020","12802856","Morrow Mountain State Park","12802856","Morrow Mountain State Park","VISA","2373","005","(124.00)","3000.1601.434410003","campsite rentals","06/08/2019","269069904","",""
"04/02/2020","12802856","Morrow Mountain State Park","12802856","Morrow Mountain State Park","VISA","2373","005","(6.00)","3000.1601.435900001","CRS Vendor Fees (Transaction Fees)","06/08/2019","269069904","",""
"04/02/2020","12802856","Morrow Mountain State Park","12802856","Morrow Mountain State Park","VISA","2374","006","(124.00)","3000.1601.434410003","campsite rentals","06/08/2019","269069904","",""
"04/02/2020","12802856","Morrow Mountain State Park","12802856","Morrow Mountain State Park","VISA","2374","006","(6.00)","3000.1601.435900001","CRS Vendor Fees (Transaction Fees)","06/08/2019","269069904","",""
"04/02/2020","12802856","Morrow Mountain State Park","12802856","Morrow Mountain State Park","VISA","","","220.00","2000.1601.000300000","Default Overpayment Deposit","07/05/2019","272411128","",""
"04/02/2020","12802856","Morrow Mountain State Park","12802856","Morrow Mountain State Park","VISA","2361","Cabin 5","(214.00)","3000.1601.434410004","Cabin rentals","07/05/2019","272411128","",""
"04/02/2020","12802856","Morrow Mountain State Park","12802856","Morrow Mountain State Park","VISA","2361","Cabin 5","(6.00)","3000.1601.435900001","CRS Vendor Fees (Transaction Fees)","07/05/2019","272411128","",""
"04/02/2020","12802856","Morrow Mountain State Park","12802856","Morrow Mountain State Park","VISA","","","220.00","2000.1601.000300000","Default Overpayment Deposit","12/03/2019","283310645","",""
"04/02/2020","12802856","Morrow Mountain State Park","12802856","Morrow Mountain State Park","VISA","2360","Cabin 4","(214.00)","3000.1601.434410004","Cabin rentals","12/03/2019","283310645","",""
"04/02/2020","12802856","Morrow Mountain State Park","12802856","Morrow Mountain State Park","VISA","2360","Cabin 4","(6.00)","3000.1601.435900001","CRS Vendor Fees (Transaction Fees)","12/03/2019","283310645","",""
"04/02/2020","12802902","Falls Lake State Recreation Area","12802902","Falls Lake State Recreation Area","VISA","9200","Reimbursement-Other Utilities","821.00","3000.1601.000538322","Reimbursement-operating expenses","04/02/2020","287578910","",""
"04/03/2020","12802853","Lake Norman State Park","12802853","Lake Norman State Park","CASH","","","(31.00)","3000.1601.000200000","Default Overage/Shortage","04/03/2020","","287587635",""
"04/03/2020","12802858","Mount Mitchell State Park","12802858","Mount Mitchell State Park","VISA","37553","MOMI Gift Shop Merchandise","1.64","2000.1601.000211940","sales tax payable","04/03/2020","287585302","",""
"04/03/2020","12802858","Mount Mitchell State Park","12802858","Mount Mitchell State Park","VISA","37553","MOMI Gift Shop Merchandise","24.37","3000.1601.434150004","PFR Revenues-Other","04/03/2020","287585302","",""
"04/03/2020","12802859","New River State Park","12802859","New River State Park","MC","2216","008 - H","(66.00)","3000.1601.434410003","campsite rentals","02/10/2020","285604702","",""
"04/03/2020","12802859","New River State Park","12802859","New River State Park","MC","2226","018","66.00","3000.1601.434410003","campsite rentals","02/10/2020","285604702","",""
"04/03/2020","12802859","New River State Park","12802859","New River State Park","MC","2234","013","0.00","3000.1601.435900001","CRS Vendor Fees (Transaction Fees)","02/10/2020","285604702","",""
"04/03/2020","12802902","Falls Lake State Recreation Area","12802902","Falls Lake State Recreation Area","MC","9200","Reimbursement-Other Utilities","78.77","3000.1601.000538322","Reimbursement-operating expenses","04/03/2020","287585302","",""
"04/06/2020","12802808","Fort Fisher State Recreation Area","12802808","Fort Fisher State Recreation Area","PER CHQ","86102","VENDING MACHINE COMMISSIONS","6.29","3000.1601.000437990","Miscellaneous revenues","04/06/2020","","287602921",""
"04/06/2020","12802813","Merchants Millpond State Park","12802813","Merchants Millpond State Park","MC","","","65.00","2000.1601.000300000","Default Overpayment Deposit","03/16/2020","287171863","",""
"04/06/2020","12802837","Weymouth Woods State Natural Area","12802837","Weymouth Woods State Natural Area","MC","","","103.00","2000.1601.000300000","Default Overpayment Deposit","02/29/2020","286390859","",""
"04/06/2020","12802837","Weymouth Woods State Natural Area","12802837","Weymouth Woods State Natural Area","MC","120103","AUD HALF DAY","(103.00)","3000.1601.000437990","Miscellaneous revenues","02/29/2020","286390859","",""
"04/06/2020","12802853","Lake Norman State Park","12802853","Lake Norman State Park","VISA","3945","Community Building","0.00","3000.1601.434410007","Community Building rentals ","02/06/2020","285448807","",""
"04/06/2020","12802853","Lake Norman State Park","12802853","Lake Norman State Park","VISA","3945","Community Building","0.00","3000.1601.435900001","CRS Vendor Fees (Transaction Fees)","02/06/2020","285448807","",""
"04/06/2020","12802853","Lake Norman State Park","12802853","Lake Norman State Park","VISA","9200","Reimbursement-Other Utilities","57.08","3000.1601.000538322","Reimbursement-operating expenses","04/06/2020","287613783","",""
"04/06/2020","12802902","Falls Lake State Recreation Area","12802902","Falls Lake State Recreation Area","VISA","9200","Reimbursement-Other Utilities","190.20","3000.1601.000538322","Reimbursement-operating expenses","04/06/2020","287613783","",""
"04/07/2020","12802853","Lake Norman State Park","12802853","Lake Norman State Park","VISA","","","90.00","2000.1601.000300000","Default Overpayment Deposit","03/16/2020","287171863","",""
"04/07/2020","12802853","Lake Norman State Park","12802853","Lake Norman State Park","VISA","1528","003","(69.00)","3000.1601.434410003","campsite rentals","03/16/2020","287171863","",""
"04/07/2020","12802853","Lake Norman State Park","12802853","Lake Norman State Park","VISA","1536","011","(21.00)","3000.1601.435900001","CRS Vendor Fees (Transaction Fees)","03/16/2020","287171863","",""
"04/08/2020","12802903","Jordan Lake State Rec Area","12802903","Jordan Lake State Rec Area","VISA","3367","B059 D","(186.00)","3000.1601.434410003","campsite rentals","04/06/2020","287613783","",""
"04/08/2020","12802903","Jordan Lake State Rec Area","12802903","Jordan Lake State Rec Area","VISA","3367","B059 D","0.00","3000.1601.435900001","CRS Vendor Fees (Transaction Fees)","04/06/2020","287613783","",""
"04/08/2020","12802903","Jordan Lake State Rec Area","12802903","Jordan Lake State Rec Area","VISA","3498","C044 D","186.00","3000.1601.434410003","campsite rentals","04/06/2020","287613783","",""
"04/09/2020","12802806","Carolina Beach State Park","12802806","Carolina Beach State Park","MC","","","144.00","2000.1601.000300000","Default Overpayment Deposit","03/14/2020","287074490","",""
"04/09/2020","12802806","Carolina Beach State Park","12802806","Carolina Beach State Park","MC","80553","006","(144.00)","3000.1601.434410001","Dock rental fees","03/14/2020","287074490","",""
"04/09/2020","12802806","Carolina Beach State Park","12802806","Carolina Beach State Park","MC","80553","006","0.00","3000.1601.435900001","CRS Vendor Fees (Transaction Fees)","03/14/2020","287074490","",""
"04/09/2020","12802835","Raven Rock State Park","12802835","Raven Rock State Park","CASH","56652","Seasonal Rent","60.00","3000.1601.434410002","Employee Rent","04/13/2020","","287661974",""
"04/09/2020","12802835","Raven Rock State Park","12802835","Raven Rock State Park","DISC","56652","Seasonal Rent","91.00","3000.1601.434410002","Employee Rent","04/09/2020","287638487","",""
"04/09/2020","12802835","Raven Rock State Park","12802835","Raven Rock State Park","MC","56652","Seasonal Rent","31.00","3000.1601.434410002","Employee Rent","04/09/2020","287638487","",""
"04/09/2020","12802902","Falls Lake State Recreation Area","12802902","Falls Lake State Recreation Area","VISA","5709","080","6.00","3000.1601.434410003","campsite rentals","01/28/2020","285086592","",""
"04/09/2020","12802902","Falls Lake State Recreation Area","12802902","Falls Lake State Recreation Area","VISA","5709","080","(6.00)","3000.1601.435900001","CRS Vendor Fees (Transaction Fees)","01/28/2020","285086592","",""
"04/09/2020","12802902","Falls Lake State Recreation Area","12802902","Falls Lake State Recreation Area","VISA","5769","102","3.00","3000.1601.434410003","campsite rentals","02/06/2020","285448807","",""
"04/09/2020","12802902","Falls Lake State Recreation Area","12802902","Falls Lake State Recreation Area","VISA","5769","102","0.00","3000.1601.435900001","CRS Vendor Fees (Transaction Fees)","02/06/2020","285448807","",""
"04/09/2020","12802902","Falls Lake State Recreation Area","12802902","Falls Lake State Recreation Area","VISA","5771","103","(3.00)","3000.1601.435900001","CRS Vendor Fees (Transaction Fees)","02/06/2020","285448807","",""
"04/09/2020","12802902","Falls Lake State Recreation Area","12802902","Falls Lake State Recreation Area","VISA","","","54.00","2000.1601.000300000","Default Overpayment Deposit","02/12/2020","285682236","",""
"04/09/2020","12802902","Falls Lake State Recreation Area","12802902","Falls Lake State Recreation Area","VISA","5801","073","(48.00)","3000.1601.434410003","campsite rentals","02/12/2020","285682236","",""
"04/09/2020","12802902","Falls Lake State Recreation Area","12802902","Falls Lake State Recreation Area","VISA","5801","073","(6.00)","3000.1601.435900001","CRS Vendor Fees (Transaction Fees)","02/12/2020","285682236","",""
"04/09/2020","12802902","Falls Lake State Recreation Area","12802902","Falls Lake State Recreation Area","VISA","","","189.00","2000.1601.000300000","Default Overpayment Deposit","02/28/2020","286345775","",""
"04/09/2020","12802902","Falls Lake State Recreation Area","12802902","Falls Lake State Recreation Area","VISA","5710","081","(162.00)","3000.1601.434410003","campsite rentals","02/28/2020","286345775","",""
"04/09/2020","12802902","Falls Lake State Recreation Area","12802902","Falls Lake State Recreation Area","VISA","5710","081","(27.00)","3000.1601.435900001","CRS Vendor Fees (Transaction Fees)","02/28/2020","286345775","",""
"04/09/2020","12802902","Falls Lake State Recreation Area","12802902","Falls Lake State Recreation Area","VISA","5769","102","0.00","3000.1601.434410003","campsite rentals","02/28/2020","286345775","",""
"04/09/2020","12802902","Falls Lake State Recreation Area","12802902","Falls Lake State Recreation Area","MC","","","135.00","2000.1601.000300000","Default Overpayment Deposit","03/05/2020","286615912","",""
"04/09/2020","12802902","Falls Lake State Recreation Area","12802902","Falls Lake State Recreation Area","MC","5776","104","(117.00)","3000.1601.434410003","campsite rentals","03/05/2020","286615912","",""
"04/09/2020","12802902","Falls Lake State Recreation Area","12802902","Falls Lake State Recreation Area","MC","5776","104","(18.00)","3000.1601.435900001","CRS Vendor Fees (Transaction Fees)","03/05/2020","286615912","",""
"04/09/2020","12802902","Falls Lake State Recreation Area","12802902","Falls Lake State Recreation Area","DISC","","","21.00","2000.1601.000300000","Default Overpayment Deposit","03/09/2020","286826836","",""
"04/09/2020","12802902","Falls Lake State Recreation Area","12802902","Falls Lake State Recreation Area","DISC","5777","026","(18.00)","3000.1601.434410003","campsite rentals","03/09/2020","286826836","",""
"04/09/2020","12802902","Falls Lake State Recreation Area","12802902","Falls Lake State Recreation Area","DISC","5777","026","(3.00)","3000.1601.435900001","CRS Vendor Fees (Transaction Fees)","03/09/2020","286826836","",""
"04/09/2020","12802902","Falls Lake State Recreation Area","12802902","Falls Lake State Recreation Area","VISA","","","21.00","2000.1601.000300000","Default Overpayment Deposit","03/09/2020","286826836","",""
"04/09/2020","12802902","Falls Lake State Recreation Area","12802902","Falls Lake State Recreation Area","VISA","5709","080","(21.00)","3000.1601.434410003","campsite rentals","03/09/2020","286826836","",""
"04/09/2020","12802902","Falls Lake State Recreation Area","12802902","Falls Lake State Recreation Area","MC","","","105.00","2000.1601.000300000","Default Overpayment Deposit","03/10/2020","286871010","",""
"04/09/2020","12802902","Falls Lake State Recreation Area","12802902","Falls Lake State Recreation Area","MC","5720","051","(99.00)","3000.1601.434410003","campsite rentals","03/10/2020","286871010","",""
"04/09/2020","12802902","Falls Lake State Recreation Area","12802902","Falls Lake State Recreation Area","MC","5727","090","(6.00)","3000.1601.435900001","CRS Vendor Fees (Transaction Fees)","03/10/2020","286871010","",""
"04/09/2020","12802902","Falls Lake State Recreation Area","12802902","Falls Lake State Recreation Area","VISA","","","21.00","2000.1601.000300000","Default Overpayment Deposit","03/11/2020","286925409","",""
"04/09/2020","12802902","Falls Lake State Recreation Area","12802902","Falls Lake State Recreation Area","VISA","5725","088","(18.00)","3000.1601.434410003","campsite rentals","03/11/2020","286925409","",""
"04/09/2020","12802902","Falls Lake State Recreation Area","12802902","Falls Lake State Recreation Area","VISA","5725","088","(3.00)","3000.1601.435900001","CRS Vendor Fees (Transaction Fees)","03/11/2020","286925409","",""
"04/09/2020","12802902","Falls Lake State Recreation Area","12802902","Falls Lake State Recreation Area","VISA","","","120.00","2000.1601.000300000","Default Overpayment Deposit","03/14/2020","287074490","",""
"04/09/2020","12802902","Falls Lake State Recreation Area","12802902","Falls Lake State Recreation Area","VISA","1853","SL38","(38.00)","3000.1601.434410003","campsite rentals","03/14/2020","287074490","",""
"04/09/2020","12802902","Falls Lake State Recreation Area","12802902","Falls Lake State Recreation Area","VISA","1853","SL38","(6.00)","3000.1601.435900001","CRS Vendor Fees (Transaction Fees)","03/14/2020","287074490","",""
"04/09/2020","12802902","Falls Lake State Recreation Area","12802902","Falls Lake State Recreation Area","VISA","5747","129","(19.00)","3000.1601.434410003","campsite rentals","03/14/2020","287074490","",""
"04/09/2020","12802902","Falls Lake State Recreation Area","12802902","Falls Lake State Recreation Area","VISA","5747","129","(3.00)","3000.1601.435900001","CRS Vendor Fees (Transaction Fees)","03/14/2020","287074490","",""
"04/09/2020","12802902","Falls Lake State Recreation Area","12802902","Falls Lake State Recreation Area","VISA","5783","045","(51.00)","3000.1601.434410003","campsite rentals","03/14/2020","287074490","",""
"04/09/2020","12802902","Falls Lake State Recreation Area","12802902","Falls Lake State Recreation Area","VISA","5783","045","(3.00)","3000.1601.435900001","CRS Vendor Fees (Transaction Fees)","03/14/2020","287074490","",""
"04/09/2020","12802902","Falls Lake State Recreation Area","12802902","Falls Lake State Recreation Area","VISA","","","21.00","2000.1601.000300000","Default Overpayment Deposit","03/16/2020","287171863","",""
"04/09/2020","12802902","Falls Lake State Recreation Area","12802902","Falls Lake State Recreation Area","VISA","5769","102","(21.00)","3000.1601.434410003","campsite rentals","03/16/2020","287171863","",""
"04/12/2020","12802853","Lake Norman State Park","12802853","Lake Norman State Park","VISA","8401","FOOD-M & M PEANUT CANDY","0.13","2000.1601.000211940","sales tax payable","04/12/2020","287661744","",""
"04/12/2020","12802853","Lake Norman State Park","12802853","Lake Norman State Park","VISA","8401","FOOD-M & M PEANUT CANDY","1.88","3000.1601.434150004","PFR Revenues-Other","04/12/2020","287661744","",""
"04/12/2020","12802853","Lake Norman State Park","12802853","Lake Norman State Park","VISA","99402","Famous Amos Bite Size Chocolate Chip Cookies","0.19","2000.1601.000211940","sales tax payable","04/12/2020","287661744","",""
"04/12/2020","12802853","Lake Norman State Park","12802853","Lake Norman State Park","VISA","99402","Famous Amos Bite Size Chocolate Chip Cookies","2.82","3000.1601.434150004","PFR Revenues-Other","04/12/2020","287661744","",""
"04/13/2020","12802806","Carolina Beach State Park","12802806","Carolina Beach State Park","MC","","","72.00","2000.1601.000300000","Default Overpayment Deposit","01/02/2020","284025586","",""
"04/13/2020","12802806","Carolina Beach State Park","12802806","Carolina Beach State Park","MC","80403","032","(72.00)","3000.1601.434410001","Dock rental fees","01/02/2020","284025586","",""
"04/13/2020","12802806","Carolina Beach State Park","12802806","Carolina Beach State Park","MC","80403","032","0.00","3000.1601.435900001","CRS Vendor Fees (Transaction Fees)","01/02/2020","284025586","",""
"04/13/2020","12802806","Carolina Beach State Park","12802806","Carolina Beach State Park","MC","","","60.00","2000.1601.000300000","Default Overpayment Deposit","03/16/2020","287171863","",""
"04/13/2020","12802806","Carolina Beach State Park","12802806","Carolina Beach State Park","MC","80403","032","(60.00)","3000.1601.434410001","Dock rental fees","03/16/2020","287171863","",""
"04/13/2020","12802806","Carolina Beach State Park","12802806","Carolina Beach State Park","MC","80403","032","0.00","3000.1601.435900001","CRS Vendor Fees (Transaction Fees)","03/16/2020","287171863","",""
"04/13/2020","12802806","Carolina Beach State Park","12802806","Carolina Beach State Park","VISA","","","60.00","2000.1601.000300000","Default Overpayment Deposit","03/25/2020","287393280","",""
"04/13/2020","12802806","Carolina Beach State Park","12802806","Carolina Beach State Park","VISA","80460","034","(60.00)","3000.1601.434410001","Dock rental fees","03/25/2020","287393280","",""
"04/13/2020","12802806","Carolina Beach State Park","12802806","Carolina Beach State Park","VISA","80460","034","0.00","3000.1601.435900001","CRS Vendor Fees (Transaction Fees)","03/25/2020","287393280","",""
"04/13/2020","12802861","South Mountains State Park","12802861","South Mountains State Park","CASH","134902","Amphitheater","0.00","3000.1601.434410008","Picnic Shelter rentals","01/27/2020","","285010637",""
"04/13/2020","12802861","South Mountains State Park","12802861","South Mountains State Park","CASH","134902","Amphitheater","0.00","3000.1601.435900001","CRS Vendor Fees (Transaction Fees)","01/27/2020","","285010637",""
"04/13/2020","12802861","South Mountains State Park","12802861","South Mountains State Park","VISA","2973","Picnic Shelter","0.00","3000.1601.434410008","Picnic Shelter rentals","01/20/2020","284776802","",""
"04/13/2020","12802861","South Mountains State Park","12802861","South Mountains State Park","VISA","2973","Picnic Shelter","0.00","3000.1601.435900001","CRS Vendor Fees (Transaction Fees)","01/20/2020","284776802","",""
"04/13/2020","12802904","Kerr Lake State Recreation Area","12802904","Kerr Lake State Recreation Area","VISA","9200","Reimbursement-Other Utilities","64.70","3000.1601.000538322","Reimbursement-operating expenses","04/13/2020","287667262","",""
"04/14/2020","12802903","Jordan Lake State Rec Area","12802903","Jordan Lake State Rec Area","VISA","","","44.00","2000.1601.000300000","Default Overpayment Deposit","03/12/2020","286970210","",""
"04/14/2020","12802903","Jordan Lake State Rec Area","12802903","Jordan Lake State Rec Area","VISA","3221","A015","(38.00)","3000.1601.434410003","campsite rentals","03/12/2020","286970210","",""
"04/14/2020","12802903","Jordan Lake State Rec Area","12802903","Jordan Lake State Rec Area","VISA","3221","A015","(6.00)","3000.1601.435900001","CRS Vendor Fees (Transaction Fees)","03/12/2020","286970210","",""
"04/15/2020","12802820","Chimney Rock State Park","12802820","Chimney Rock State Park","PER CHQ","86353","Special Activity Permit","420.00","3000.1601.435200009","Special activity permits","04/15/2020","","287689983",""
"04/15/2020","12802856","Morrow Mountain State Park","12802856","Morrow Mountain State Park","VISA","","","50.00","2000.1601.000300000","Default Overpayment Deposit","02/08/2020","285524082","",""
"04/15/2020","12802856","Morrow Mountain State Park","12802856","Morrow Mountain State Park","VISA","2788","078","(44.00)","3000.1601.434410003","campsite rentals","02/08/2020","285524082","",""
"04/15/2020","12802856","Morrow Mountain State Park","12802856","Morrow Mountain State Park","VISA","2788","078","0.00","3000.1601.435900001","CRS Vendor Fees (Transaction Fees)","02/08/2020","285524082","",""
"04/15/2020","12802856","Morrow Mountain State Park","12802856","Morrow Mountain State Park","VISA","2897","093","(6.00)","3000.1601.435900001","CRS Vendor Fees (Transaction Fees)","02/08/2020","285524082","",""
"04/15/2020","12802903","Jordan Lake State Rec Area","12802903","Jordan Lake State Rec Area","CASH","","","1,275.00","2000.1601.000300000","Default Overpayment Deposit","03/12/2020","","286928589",""
"04/15/2020","12802903","Jordan Lake State Rec Area","12802903","Jordan Lake State Rec Area","CASH","2914","White Oak Shelter","(1,275.00)","3000.1601.434410008","Picnic Shelter rentals","03/12/2020","","286928589",""
"04/15/2020","12802903","Jordan Lake State Rec Area","12802903","Jordan Lake State Rec Area","CASH","2914","White Oak Shelter","0.00","3000.1601.435900001","CRS Vendor Fees (Transaction Fees)","03/12/2020","","286928589",""
"04/15/2020","12802904","Kerr Lake State Recreation Area","12802904","Kerr Lake State Recreation Area","MC","","","198.00","2000.1601.000300000","Default Overpayment Deposit","01/07/2020","284240150","",""
"04/15/2020","12802904","Kerr Lake State Recreation Area","12802904","Kerr Lake State Recreation Area","MC","3670","S.P. Community Bldg.","(195.00)","3000.1601.434410007","Community Building rentals ","01/07/2020","284240150","",""
"04/15/2020","12802904","Kerr Lake State Recreation Area","12802904","Kerr Lake State Recreation Area","MC","3670","S.P. Community Bldg.","(3.00)","3000.1601.435900001","CRS Vendor Fees (Transaction Fees)","01/07/2020","284240150","",""
"04/15/2020","12802904","Kerr Lake State Recreation Area","12802904","Kerr Lake State Recreation Area","VISA","","","198.00","2000.1601.000300000","Default Overpayment Deposit","01/18/2020","284683059","",""
"04/15/2020","12802904","Kerr Lake State Recreation Area","12802904","Kerr Lake State Recreation Area","VISA","3670","S.P. Community Bldg.","(195.00)","3000.1601.434410007","Community Building rentals ","01/18/2020","284683059","",""
"04/15/2020","12802904","Kerr Lake State Recreation Area","12802904","Kerr Lake State Recreation Area","VISA","3670","S.P. Community Bldg.","(3.00)","3000.1601.435900001","CRS Vendor Fees (Transaction Fees)","01/18/2020","284683059","",""
"04/17/2020","12802811","Hammocks Beach State Park","12802811","Hammocks Beach State Park","PER CHQ","","","55.00","2000.1601.000300000","Default Overpayment Deposit","02/19/2020","","285983576",""
"04/17/2020","12802811","Hammocks Beach State Park","12802811","Hammocks Beach State Park","PER CHQ","1613","A","(52.00)","3000.1601.434410003","campsite rentals","02/19/2020","","285983576",""
"04/17/2020","12802811","Hammocks Beach State Park","12802811","Hammocks Beach State Park","PER CHQ","1613","A","(3.00)","3000.1601.435900001","CRS Vendor Fees (Transaction Fees)","02/19/2020","","285983576",""
"04/17/2020","12802855","Lake James State Park","12802855","Lake James State Park","MC","1575","004","0.00","3000.1601.434410003","campsite rentals","06/18/2019","270194968","",""
"04/17/2020","12802855","Lake James State Park","12802855","Lake James State Park","MC","1575","004","0.00","3000.1601.435900001","CRS Vendor Fees (Transaction Fees)","06/18/2019","270194968","",""
"04/17/2020","12802859","New River State Park","12802859","New River State Park","VISA","","","15.00","2000.1601.000300000","Default Overpayment Deposit","02/01/2020","285238481","",""
"04/17/2020","12802859","New River State Park","12802859","New River State Park","VISA","51952","New River Alleghany Access Primitive Paddle-in ONLY campsite","(12.00)","3000.1601.434410003","campsite rentals","02/01/2020","285238481","",""
"04/17/2020","12802859","New River State Park","12802859","New River State Park","VISA","51952","New River Alleghany Access Primitive Paddle-in ONLY campsite","(3.00)","3000.1601.435900001","CRS Vendor Fees (Transaction Fees)","02/01/2020","285238481","",""
"04/18/2020","12802860","Pilot Mountain State Park","12802860","Pilot Mountain State Park","VISA","","","22.00","2000.1601.000300000","Default Overpayment Deposit","10/11/2019","281383199","",""
"04/18/2020","12802860","Pilot Mountain State Park","12802860","Pilot Mountain State Park","VISA","","","16.00","2000.1601.000300000","Default Overpayment Deposit","03/02/2020","286485181","",""
"04/18/2020","12802860","Pilot Mountain State Park","12802860","Pilot Mountain State Park","VISA","","","54.00","2000.1601.000300000","Default Overpayment Deposit","03/03/2020","286533790","",""
"04/18/2020","12802860","Pilot Mountain State Park","12802860","Pilot Mountain State Park","VISA","","","22.00","2000.1601.000300000","Default Overpayment Deposit","03/08/2020","286775948","",""
"04/18/2020","12802860","Pilot Mountain State Park","12802860","Pilot Mountain State Park","VISA","","","44.00","2000.1601.000300000","Default Overpayment Deposit","03/09/2020","286826836","",""
"04/18/2020","12802860","Pilot Mountain State Park","12802860","Pilot Mountain State Park","VISA","","","30.00","2000.1601.000300000","Default Overpayment Deposit","03/13/2020","287020150","",""
"04/18/2020","12802860","Pilot Mountain State Park","12802860","Pilot Mountain State Park","VISA","","","44.00","2000.1601.000300000","Default Overpayment Deposit","03/14/2020","287074490","",""
"04/18/2020","12802860","Pilot Mountain State Park","12802860","Pilot Mountain State Park","VISA","","","44.00","2000.1601.000300000","Default Overpayment Deposit","03/15/2020","287127446","",""
"04/20/2020","12802856","Morrow Mountain State Park","12802856","Morrow Mountain State Park","MC","","","220.00","2000.1601.000300000","Default Overpayment Deposit","10/28/2019","282203010","",""
"04/20/2020","12802856","Morrow Mountain State Park","12802856","Morrow Mountain State Park","MC","2362","Cabin 6","(214.00)","3000.1601.434410004","Cabin rentals","10/28/2019","282203010","",""
"04/20/2020","12802856","Morrow Mountain State Park","12802856","Morrow Mountain State Park","MC","2362","Cabin 6","(6.00)","3000.1601.435900001","CRS Vendor Fees (Transaction Fees)","10/28/2019","282203010","",""
"04/20/2020","12802856","Morrow Mountain State Park","12802856","Morrow Mountain State Park","MC","","","136.00","2000.1601.000300000","Default Overpayment Deposit","01/09/2020","284318383","",""
"04/20/2020","12802856","Morrow Mountain State Park","12802856","Morrow Mountain State Park","MC","2373","005","(130.00)","3000.1601.434410003","campsite rentals","01/09/2020","284318383","",""
"04/20/2020","12802856","Morrow Mountain State Park","12802856","Morrow Mountain State Park","MC","2373","005","(6.00)","3000.1601.435900001","CRS Vendor Fees (Transaction Fees)","01/09/2020","284318383","",""
"04/20/2020","12802902","Falls Lake State Recreation Area","12802902","Falls Lake State Recreation Area","MC","","","54.00","2000.1601.000300000","Default Overpayment Deposit","07/02/2019","271956926","",""
"04/20/2020","12802902","Falls Lake State Recreation Area","12802902","Falls Lake State Recreation Area","MC","5799","072","(48.00)","3000.1601.434410003","campsite rentals","07/02/2019","271956926","",""
"04/20/2020","12802902","Falls Lake State Recreation Area","12802902","Falls Lake State Recreation Area","MC","5799","072","(6.00)","3000.1601.435900001","CRS Vendor Fees (Transaction Fees)","07/02/2019","271956926","",""
"04/20/2020","12802904","Kerr Lake State Recreation Area","12802904","Kerr Lake State Recreation Area","MC","","","168.00","2000.1601.000300000","Default Overpayment Deposit","07/02/2019","271956926","",""
"04/20/2020","12802904","Kerr Lake State Recreation Area","12802904","Kerr Lake State Recreation Area","MC","3970","080","(150.00)","3000.1601.434410003","campsite rentals","07/02/2019","271956926","",""
"04/20/2020","12802904","Kerr Lake State Recreation Area","12802904","Kerr Lake State Recreation Area","MC","3970","080","(18.00)","3000.1601.435900001","CRS Vendor Fees (Transaction Fees)","07/02/2019","271956926","",""
"04/20/2020","12802904","Kerr Lake State Recreation Area","12802904","Kerr Lake State Recreation Area","MC","","","132.00","2000.1601.000300000","Default Overpayment Deposit","07/03/2019","272080174","",""
"04/20/2020","12802904","Kerr Lake State Recreation Area","12802904","Kerr Lake State Recreation Area","MC","3982","094","(120.00)","3000.1601.434410003","campsite rentals","07/03/2019","272080174","",""
"04/20/2020","12802904","Kerr Lake State Recreation Area","12802904","Kerr Lake State Recreation Area","MC","3982","094","(12.00)","3000.1601.435900001","CRS Vendor Fees (Transaction Fees)","07/03/2019","272080174","",""
"04/20/2020","12802904","Kerr Lake State Recreation Area","12802904","Kerr Lake State Recreation Area","VISA","","","83.00","2000.1601.000300000","Default Overpayment Deposit","02/24/2020","286175370","",""
"04/20/2020","12802904","Kerr Lake State Recreation Area","12802904","Kerr Lake State Recreation Area","VISA","4376","Nutbush Shelter","(80.00)","3000.1601.434410008","Picnic Shelter rentals","02/24/2020","286175370","",""
"04/20/2020","12802904","Kerr Lake State Recreation Area","12802904","Kerr Lake State Recreation Area","VISA","4376","Nutbush Shelter","(3.00)","3000.1601.435900001","CRS Vendor Fees (Transaction Fees)","02/24/2020","286175370","",""
"04/20/2020","12802904","Kerr Lake State Recreation Area","12802904","Kerr Lake State Recreation Area","VISA","","","195.00","2000.1601.000300000","Default Overpayment Deposit","04/05/2020","287601584","",""
"04/20/2020","12802904","Kerr Lake State Recreation Area","12802904","Kerr Lake State Recreation Area","VISA","5981","060D","(186.00)","3000.1601.434410003","campsite rentals","04/05/2020","287601584","",""
"04/20/2020","12802904","Kerr Lake State Recreation Area","12802904","Kerr Lake State Recreation Area","VISA","5981","060D","(9.00)","3000.1601.435900001","CRS Vendor Fees (Transaction Fees)","04/05/2020","287601584","",""
"04/20/2020","12802904","Kerr Lake State Recreation Area","12802904","Kerr Lake State Recreation Area","MC","","","135.00","2000.1601.000300000","Default Overpayment Deposit","04/06/2020","287613783","",""
"04/20/2020","12802904","Kerr Lake State Recreation Area","12802904","Kerr Lake State Recreation Area","MC","5122","072","(120.00)","3000.1601.434410003","campsite rentals","04/06/2020","287613783","",""
"04/20/2020","12802904","Kerr Lake State Recreation Area","12802904","Kerr Lake State Recreation Area","MC","5122","072","(15.00)","3000.1601.435900001","CRS Vendor Fees (Transaction Fees)","04/06/2020","287613783","",""
"04/21/2020","12802902","Falls Lake State Recreation Area","12802902","Falls Lake State Recreation Area","MC","9200","Reimbursement-Other Utilities","67.15","3000.1601.000538322","Reimbursement-operating expenses","04/21/2020","287854298","",""
"04/21/2020","12802904","Kerr Lake State Recreation Area","12802904","Kerr Lake State Recreation Area","MC","","","81.00","2000.1601.000300000","Default Overpayment Deposit","06/08/2019","269069904","",""
"04/21/2020","12802904","Kerr Lake State Recreation Area","12802904","Kerr Lake State Recreation Area","MC","5074","024","(72.00)","3000.1601.434410003","campsite rentals","06/08/2019","269069904","",""
"04/21/2020","12802904","Kerr Lake State Recreation Area","12802904","Kerr Lake State Recreation Area","MC","5074","024","(9.00)","3000.1601.435900001","CRS Vendor Fees (Transaction Fees)","06/08/2019","269069904","",""
"04/22/2020","12802854","Hanging Rock State Park","12802854","Hanging Rock State Park","VISA","","","538.00","2000.1601.000300000","Default Overpayment Deposit","11/17/2019","282891523","",""
"04/22/2020","12802854","Hanging Rock State Park","12802854","Hanging Rock State Park","VISA","2162","Cabin 9","(517.00)","3000.1601.434410004","Cabin rentals","11/17/2019","282891523","",""
"04/22/2020","12802854","Hanging Rock State Park","12802854","Hanging Rock State Park","VISA","2162","Cabin 9","(21.00)","3000.1601.435900001","CRS Vendor Fees (Transaction Fees)","11/17/2019","282891523","",""
"04/22/2020","12802856","Morrow Mountain State Park","12802856","Morrow Mountain State Park","MC","","","104.00","2000.1601.000300000","Default Overpayment Deposit","02/16/2020","285855646","",""
"04/22/2020","12802856","Morrow Mountain State Park","12802856","Morrow Mountain State Park","MC","2758","058","(46.00)","3000.1601.434410003","campsite rentals","02/16/2020","285855646","",""
"04/22/2020","12802856","Morrow Mountain State Park","12802856","Morrow Mountain State Park","MC","2758","058","(6.00)","3000.1601.435900001","CRS Vendor Fees (Transaction Fees)","02/16/2020","285855646","",""
"04/22/2020","12802856","Morrow Mountain State Park","12802856","Morrow Mountain State Park","MC","2760","059","(46.00)","3000.1601.434410003","campsite rentals","02/16/2020","285855646","",""
"04/22/2020","12802856","Morrow Mountain State Park","12802856","Morrow Mountain State Park","MC","2760","059","(6.00)","3000.1601.435900001","CRS Vendor Fees (Transaction Fees)","02/16/2020","285855646","",""
"04/22/2020","12802904","Kerr Lake State Recreation Area","12802904","Kerr Lake State Recreation Area","VISA","","","81.00","2000.1601.000300000","Default Overpayment Deposit","08/03/2019","276264743","",""
"04/22/2020","12802904","Kerr Lake State Recreation Area","12802904","Kerr Lake State Recreation Area","VISA","5235","040","(72.00)","3000.1601.434410003","campsite rentals","08/03/2019","276264743","",""
"04/22/2020","12802904","Kerr Lake State Recreation Area","12802904","Kerr Lake State Recreation Area","VISA","5235","040","(9.00)","3000.1601.435900001","CRS Vendor Fees (Transaction Fees)","08/03/2019","276264743","",""
"04/22/2020","12802904","Kerr Lake State Recreation Area","12802904","Kerr Lake State Recreation Area","VISA","","","66.00","2000.1601.000300000","Default Overpayment Deposit","04/06/2020","287613783","",""
"04/22/2020","12802904","Kerr Lake State Recreation Area","12802904","Kerr Lake State Recreation Area","VISA","5244","029","(60.00)","3000.1601.434410003","campsite rentals","04/06/2020","287613783","",""
"04/22/2020","12802904","Kerr Lake State Recreation Area","12802904","Kerr Lake State Recreation Area","VISA","5244","029","(6.00)","3000.1601.435900001","CRS Vendor Fees (Transaction Fees)","04/06/2020","287613783","",""
"04/23/2020","12802811","Hammocks Beach State Park","12802811","Hammocks Beach State Park","VISA","","","60.00","2000.1601.000300000","Default Overpayment Deposit","02/20/2020","286023858","",""
"04/23/2020","12802811","Hammocks Beach State Park","12802811","Hammocks Beach State Park","VISA","1597","001","(48.00)","3000.1601.434410003","campsite rentals","02/20/2020","286023858","",""
"04/23/2020","12802811","Hammocks Beach State Park","12802811","Hammocks Beach State Park","VISA","1597","001","(12.00)","3000.1601.435900001","CRS Vendor Fees (Transaction Fees)","02/20/2020","286023858","",""
"04/23/2020","12802820","Chimney Rock State Park","12802820","Chimney Rock State Park","PER CHQ","86353","Special Activity Permit","140.00","3000.1601.435200009","Special activity permits","04/23/2020","","287870788",""
"04/23/2020","12802854","Hanging Rock State Park","12802854","Hanging Rock State Park","VISA","5906","Group Camp 5","0.00","3000.1601.434410003","campsite rentals","01/04/2020","284106560","",""
"04/23/2020","12802854","Hanging Rock State Park","12802854","Hanging Rock State Park","VISA","5906","Group Camp 5","0.00","3000.1601.435900001","CRS Vendor Fees (Transaction Fees)","01/04/2020","284106560","",""
"04/23/2020","12802856","Morrow Mountain State Park","12802856","Morrow Mountain State Park","VISA","","","220.00","2000.1601.000300000","Default Overpayment Deposit","10/29/2019","282246221","",""
"04/23/2020","12802856","Morrow Mountain State Park","12802856","Morrow Mountain State Park","VISA","2360","Cabin 4","(214.00)","3000.1601.434410004","Cabin rentals","10/29/2019","282246221","",""
"04/23/2020","12802856","Morrow Mountain State Park","12802856","Morrow Mountain State Park","VISA","2360","Cabin 4","(6.00)","3000.1601.435900001","CRS Vendor Fees (Transaction Fees)","10/29/2019","282246221","",""
"04/23/2020","12802860","Pilot Mountain State Park","12802860","Pilot Mountain State Park","VISA","","","70.00","2000.1601.000300000","Default Overpayment Deposit","03/10/2020","286871010","",""
"04/23/2020","12802860","Pilot Mountain State Park","12802860","Pilot Mountain State Park","VISA","133559","SAP NON CORPORATE","(70.00)","3000.1601.435200009","Special activity permits","03/10/2020","286871010","",""
"04/23/2020","12802865","Gorges State Park","12802865","Gorges State Park","CASH","1427","001","0.00","3000.1601.434410003","campsite rentals","03/17/2020","","287170797",""
"04/23/2020","12802865","Gorges State Park","12802865","Gorges State Park","CASH","1427","001","0.00","3000.1601.435900001","CRS Vendor Fees (Transaction Fees)","03/17/2020","","287170797",""
"04/23/2020","12802904","Kerr Lake State Recreation Area","12802904","Kerr Lake State Recreation Area","PER CHQ","4382","S.P. Shelter 1 ","0.00","3000.1601.434410008","Picnic Shelter rentals","03/10/2020","","286831817",""
"04/23/2020","12802904","Kerr Lake State Recreation Area","12802904","Kerr Lake State Recreation Area","PER CHQ","4382","S.P. Shelter 1 ","0.00","3000.1601.435900001","CRS Vendor Fees (Transaction Fees)","03/10/2020","","286831817",""
"04/23/2020","12802904","Kerr Lake State Recreation Area","12802904","Kerr Lake State Recreation Area","VISA","","","189.00","2000.1601.000300000","Default Overpayment Deposit","10/17/2018","256426933","",""
"04/23/2020","12802904","Kerr Lake State Recreation Area","12802904","Kerr Lake State Recreation Area","VISA","5066","016 D","(21.00)","3000.1601.435900001","CRS Vendor Fees (Transaction Fees)","10/17/2018","256426933","",""
"04/23/2020","12802904","Kerr Lake State Recreation Area","12802904","Kerr Lake State Recreation Area","VISA","5303","064","(168.00)","3000.1601.434410003","campsite rentals","10/17/2018","256426933","",""
"04/23/2020","12802904","Kerr Lake State Recreation Area","12802904","Kerr Lake State Recreation Area","VISA","5303","064","0.00","3000.1601.435900001","CRS Vendor Fees (Transaction Fees)","10/17/2018","256426933","",""
"04/23/2020","12802904","Kerr Lake State Recreation Area","12802904","Kerr Lake State Recreation Area","VISA","","","198.00","2000.1601.000300000","Default Overpayment Deposit","06/23/2019","270784466","",""
"04/23/2020","12802904","Kerr Lake State Recreation Area","12802904","Kerr Lake State Recreation Area","VISA","3664","H.P. Community Bldg.","(195.00)","3000.1601.434410007","Community Building rentals ","06/23/2019","270784466","",""
"04/23/2020","12802904","Kerr Lake State Recreation Area","12802904","Kerr Lake State Recreation Area","VISA","3664","H.P. Community Bldg.","(3.00)","3000.1601.435900001","CRS Vendor Fees (Transaction Fees)","06/23/2019","270784466","",""
"04/23/2020","12802904","Kerr Lake State Recreation Area","12802904","Kerr Lake State Recreation Area","VISA","","","280.00","2000.1601.000300000","Default Overpayment Deposit","06/25/2019","271012014","",""
"04/23/2020","12802904","Kerr Lake State Recreation Area","12802904","Kerr Lake State Recreation Area","VISA","2618","Group area","(274.00)","3000.1601.434410003","campsite rentals","06/25/2019","271012014","",""
"04/23/2020","12802904","Kerr Lake State Recreation Area","12802904","Kerr Lake State Recreation Area","VISA","2618","Group area","(6.00)","3000.1601.435900001","CRS Vendor Fees (Transaction Fees)","06/25/2019","271012014","",""
"04/23/2020","12802904","Kerr Lake State Recreation Area","12802904","Kerr Lake State Recreation Area","VISA","","","132.00","2000.1601.000300000","Default Overpayment Deposit","09/29/2019","280703942","",""
"04/23/2020","12802904","Kerr Lake State Recreation Area","12802904","Kerr Lake State Recreation Area","VISA","4253","Hibernia Group Area","(126.00)","3000.1601.434410003","campsite rentals","09/29/2019","280703942","",""
"04/23/2020","12802904","Kerr Lake State Recreation Area","12802904","Kerr Lake State Recreation Area","VISA","4253","Hibernia Group Area","0.00","3000.1601.435900001","CRS Vendor Fees (Transaction Fees)","09/29/2019","280703942","",""
"04/23/2020","12802904","Kerr Lake State Recreation Area","12802904","Kerr Lake State Recreation Area","VISA","4520","052","(6.00)","3000.1601.435900001","CRS Vendor Fees (Transaction Fees)","09/29/2019","280703942","",""
"04/23/2020","12802904","Kerr Lake State Recreation Area","12802904","Kerr Lake State Recreation Area","VISA","","","160.00","2000.1601.000300000","Default Overpayment Deposit","10/04/2019","280999963","",""
"04/23/2020","12802904","Kerr Lake State Recreation Area","12802904","Kerr Lake State Recreation Area","VISA","121802","County Line Group Area","(154.00)","3000.1601.434410003","campsite rentals","10/04/2019","280999963","",""
"04/23/2020","12802904","Kerr Lake State Recreation Area","12802904","Kerr Lake State Recreation Area","VISA","121802","County Line Group Area","(6.00)","3000.1601.435900001","CRS Vendor Fees (Transaction Fees)","10/04/2019","280999963","",""
"04/23/2020","12802904","Kerr Lake State Recreation Area","12802904","Kerr Lake State Recreation Area","VISA","","","28.00","2000.1601.000300000","Default Overpayment Deposit","10/10/2019","281321890","",""
"04/23/2020","12802904","Kerr Lake State Recreation Area","12802904","Kerr Lake State Recreation Area","VISA","4253","Hibernia Group Area","(28.00)","3000.1601.434410003","campsite rentals","10/10/2019","281321890","",""
"04/23/2020","12802904","Kerr Lake State Recreation Area","12802904","Kerr Lake State Recreation Area","MC","","","198.00","2000.1601.000300000","Default Overpayment Deposit","01/08/2020","284281450","",""
"04/23/2020","12802904","Kerr Lake State Recreation Area","12802904","Kerr Lake State Recreation Area","MC","3668","Bullocksville Community Bldg.","(195.00)","3000.1601.434410007","Community Building rentals ","01/08/2020","284281450","",""
"04/23/2020","12802904","Kerr Lake State Recreation Area","12802904","Kerr Lake State Recreation Area","MC","3668","Bullocksville Community Bldg.","(3.00)","3000.1601.435900001","CRS Vendor Fees (Transaction Fees)","01/08/2020","284281450","",""
"04/23/2020","12802904","Kerr Lake State Recreation Area","12802904","Kerr Lake State Recreation Area","VISA","","","163.00","2000.1601.000300000","Default Overpayment Deposit","01/13/2020","284468924","",""
"04/23/2020","12802904","Kerr Lake State Recreation Area","12802904","Kerr Lake State Recreation Area","VISA","4253","Hibernia Group Area","(77.00)","3000.1601.434410003","campsite rentals","01/13/2020","284468924","",""
"04/23/2020","12802904","Kerr Lake State Recreation Area","12802904","Kerr Lake State Recreation Area","VISA","4253","Hibernia Group Area","(3.00)","3000.1601.435900001","CRS Vendor Fees (Transaction Fees)","01/13/2020","284468924","",""
"04/23/2020","12802904","Kerr Lake State Recreation Area","12802904","Kerr Lake State Recreation Area","VISA","4382","S.P. Shelter 1 ","(80.00)","3000.1601.434410008","Picnic Shelter rentals","01/13/2020","284468924","",""
"04/23/2020","12802904","Kerr Lake State Recreation Area","12802904","Kerr Lake State Recreation Area","VISA","4382","S.P. Shelter 1 ","(3.00)","3000.1601.435900001","CRS Vendor Fees (Transaction Fees)","01/13/2020","284468924","",""
"04/23/2020","12802904","Kerr Lake State Recreation Area","12802904","Kerr Lake State Recreation Area","DISC","","","130.00","2000.1601.000300000","Default Overpayment Deposit","01/17/2020","284639128","",""
"04/23/2020","12802904","Kerr Lake State Recreation Area","12802904","Kerr Lake State Recreation Area","DISC","3298","Henderson Point Group Area","(124.00)","3000.1601.434410003","campsite rentals","01/17/2020","284639128","",""
"04/23/2020","12802904","Kerr Lake State Recreation Area","12802904","Kerr Lake State Recreation Area","DISC","3298","Henderson Point Group Area","(6.00)","3000.1601.435900001","CRS Vendor Fees (Transaction Fees)","01/17/2020","284639128","",""
"04/23/2020","12802904","Kerr Lake State Recreation Area","12802904","Kerr Lake State Recreation Area","VISA","","","198.00","2000.1601.000300000","Default Overpayment Deposit","02/01/2020","285238481","",""
"04/23/2020","12802904","Kerr Lake State Recreation Area","12802904","Kerr Lake State Recreation Area","VISA","3670","S.P. Community Bldg.","(195.00)","3000.1601.434410007","Community Building rentals ","02/01/2020","285238481","",""
"04/23/2020","12802904","Kerr Lake State Recreation Area","12802904","Kerr Lake State Recreation Area","VISA","3670","S.P. Community Bldg.","(3.00)","3000.1601.435900001","CRS Vendor Fees (Transaction Fees)","02/01/2020","285238481","",""
"04/23/2020","12802904","Kerr Lake State Recreation Area","12802904","Kerr Lake State Recreation Area","MC","","","198.00","2000.1601.000300000","Default Overpayment Deposit","02/08/2020","285524082","",""
"04/23/2020","12802904","Kerr Lake State Recreation Area","12802904","Kerr Lake State Recreation Area","MC","3664","H.P. Community Bldg.","(195.00)","3000.1601.434410007","Community Building rentals ","02/08/2020","285524082","",""
"04/23/2020","12802904","Kerr Lake State Recreation Area","12802904","Kerr Lake State Recreation Area","MC","3664","H.P. Community Bldg.","(3.00)","3000.1601.435900001","CRS Vendor Fees (Transaction Fees)","02/08/2020","285524082","",""
"04/23/2020","12802904","Kerr Lake State Recreation Area","12802904","Kerr Lake State Recreation Area","VISA","","","83.00","2000.1601.000300000","Default Overpayment Deposit","02/13/2020","285729521","",""
"04/23/2020","12802904","Kerr Lake State Recreation Area","12802904","Kerr Lake State Recreation Area","VISA","4379","Hibernia Shelter ","(80.00)","3000.1601.434410008","Picnic Shelter rentals","02/13/2020","285729521","",""
"04/23/2020","12802904","Kerr Lake State Recreation Area","12802904","Kerr Lake State Recreation Area","VISA","4379","Hibernia Shelter ","(3.00)","3000.1601.435900001","CRS Vendor Fees (Transaction Fees)","02/13/2020","285729521","",""
"04/23/2020","12802904","Kerr Lake State Recreation Area","12802904","Kerr Lake State Recreation Area","VISA","","","198.00","2000.1601.000300000","Default Overpayment Deposit","02/28/2020","286345775","",""
"04/23/2020","12802904","Kerr Lake State Recreation Area","12802904","Kerr Lake State Recreation Area","VISA","3670","S.P. Community Bldg.","(195.00)","3000.1601.434410007","Community Building rentals ","02/28/2020","286345775","",""
"04/23/2020","12802904","Kerr Lake State Recreation Area","12802904","Kerr Lake State Recreation Area","VISA","3670","S.P. Community Bldg.","(3.00)","3000.1601.435900001","CRS Vendor Fees (Transaction Fees)","02/28/2020","286345775","",""
"04/23/2020","12802904","Kerr Lake State Recreation Area","12802904","Kerr Lake State Recreation Area","VISA","","","141.00","2000.1601.000300000","Default Overpayment Deposit","03/05/2020","286615912","",""
"04/23/2020","12802904","Kerr Lake State Recreation Area","12802904","Kerr Lake State Recreation Area","VISA","4383","S.P. Shelter 2 ","(55.00)","3000.1601.434410008","Picnic Shelter rentals","03/05/2020","286615912","",""
"04/23/2020","12802904","Kerr Lake State Recreation Area","12802904","Kerr Lake State Recreation Area","VISA","4383","S.P. Shelter 2 ","(3.00)","3000.1601.435900001","CRS Vendor Fees (Transaction Fees)","03/05/2020","286615912","",""
"04/23/2020","12802904","Kerr Lake State Recreation Area","12802904","Kerr Lake State Recreation Area","VISA","4384","S.P. Shelter 3 ","(80.00)","3000.1601.434410008","Picnic Shelter rentals","03/05/2020","286615912","",""
"04/23/2020","12802904","Kerr Lake State Recreation Area","12802904","Kerr Lake State Recreation Area","VISA","4384","S.P. Shelter 3 ","(3.00)","3000.1601.435900001","CRS Vendor Fees (Transaction Fees)","03/05/2020","286615912","",""
"04/23/2020","12802904","Kerr Lake State Recreation Area","12802904","Kerr Lake State Recreation Area","VISA","4384","S.P. Shelter 3 ","0.00","3000.1601.434410008","Picnic Shelter rentals","03/08/2020","286775948","",""
"04/23/2020","12802904","Kerr Lake State Recreation Area","12802904","Kerr Lake State Recreation Area","VISA","4384","S.P. Shelter 3 ","0.00","3000.1601.435900001","CRS Vendor Fees (Transaction Fees)","03/08/2020","286775948","",""
"04/23/2020","12802904","Kerr Lake State Recreation Area","12802904","Kerr Lake State Recreation Area","MC","","","198.00","2000.1601.000300000","Default Overpayment Deposit","03/09/2020","286826836","",""
"04/23/2020","12802904","Kerr Lake State Recreation Area","12802904","Kerr Lake State Recreation Area","MC","3664","H.P. Community Bldg.","(195.00)","3000.1601.434410007","Community Building rentals ","03/09/2020","286826836","",""
"04/23/2020","12802904","Kerr Lake State Recreation Area","12802904","Kerr Lake State Recreation Area","MC","3664","H.P. Community Bldg.","(3.00)","3000.1601.435900001","CRS Vendor Fees (Transaction Fees)","03/09/2020","286826836","",""
"04/23/2020","12802904","Kerr Lake State Recreation Area","12802904","Kerr Lake State Recreation Area","VISA","","","198.00","2000.1601.000300000","Default Overpayment Deposit","03/11/2020","286925409","",""
"04/23/2020","12802904","Kerr Lake State Recreation Area","12802904","Kerr Lake State Recreation Area","VISA","3668","Bullocksville Community Bldg.","(195.00)","3000.1601.434410007","Community Building rentals ","03/11/2020","286925409","",""
"04/23/2020","12802904","Kerr Lake State Recreation Area","12802904","Kerr Lake State Recreation Area","VISA","3668","Bullocksville Community Bldg.","(3.00)","3000.1601.435900001","CRS Vendor Fees (Transaction Fees)","03/11/2020","286925409","",""
"04/23/2020","12802904","Kerr Lake State Recreation Area","12802904","Kerr Lake State Recreation Area","VISA","","","66.00","2000.1601.000300000","Default Overpayment Deposit","03/24/2020","287374123","",""
"04/23/2020","12802904","Kerr Lake State Recreation Area","12802904","Kerr Lake State Recreation Area","VISA","4500","025","(60.00)","3000.1601.434410003","campsite rentals","03/24/2020","287374123","",""
"04/23/2020","12802904","Kerr Lake State Recreation Area","12802904","Kerr Lake State Recreation Area","VISA","4500","025","(6.00)","3000.1601.435900001","CRS Vendor Fees (Transaction Fees)","03/24/2020","287374123","",""
"04/24/2020","12802811","Hammocks Beach State Park","12802811","Hammocks Beach State Park","PER CHQ","","","290.00","2000.1601.000300000","Default Overpayment Deposit","01/29/2020","","285091907",""
"04/24/2020","12802811","Hammocks Beach State Park","12802811","Hammocks Beach State Park","PER CHQ","1613","A","(208.00)","3000.1601.434410003","campsite rentals","01/29/2020","","285091907",""
"04/24/2020","12802811","Hammocks Beach State Park","12802811","Hammocks Beach State Park","PER CHQ","1613","A","(12.00)","3000.1601.435900001","CRS Vendor Fees (Transaction Fees)","01/29/2020","","285091907",""
"04/24/2020","12802811","Hammocks Beach State Park","12802811","Hammocks Beach State Park","PER CHQ","1614","B","(64.00)","3000.1601.434410003","campsite rentals","01/29/2020","","285091907",""
"04/24/2020","12802811","Hammocks Beach State Park","12802811","Hammocks Beach State Park","PER CHQ","1614","B","(6.00)","3000.1601.435900001","CRS Vendor Fees (Transaction Fees)","01/29/2020","","285091907",""
"04/24/2020","12802811","Hammocks Beach State Park","12802811","Hammocks Beach State Park","PER CHQ","","","35.00","2000.1601.000300000","Default Overpayment Deposit","03/03/2020","","286489001",""
"04/24/2020","12802811","Hammocks Beach State Park","12802811","Hammocks Beach State Park","PER CHQ","1615","C","(32.00)","3000.1601.434410003","campsite rentals","03/03/2020","","286489001",""
"04/24/2020","12802811","Hammocks Beach State Park","12802811","Hammocks Beach State Park","PER CHQ","1615","C","(3.00)","3000.1601.435900001","CRS Vendor Fees (Transaction Fees)","03/03/2020","","286489001",""
"04/24/2020","12802856","Morrow Mountain State Park","12802856","Morrow Mountain State Park","VISA","","","50.00","2000.1601.000300000","Default Overpayment Deposit","12/17/2019","283576018","",""
"04/24/2020","12802856","Morrow Mountain State Park","12802856","Morrow Mountain State Park","VISA","2779","069","(44.00)","3000.1601.434410003","campsite rentals","12/17/2019","283576018","",""
"04/24/2020","12802856","Morrow Mountain State Park","12802856","Morrow Mountain State Park","VISA","2779","069","(6.00)","3000.1601.435900001","CRS Vendor Fees (Transaction Fees)","12/17/2019","283576018","",""
"04/24/2020","12802904","Kerr Lake State Recreation Area","12802904","Kerr Lake State Recreation Area","VISA","4452","047","0.00","3000.1601.435900001","CRS Vendor Fees (Transaction Fees)","02/19/2019","260466100","",""
"04/24/2020","12802904","Kerr Lake State Recreation Area","12802904","Kerr Lake State Recreation Area","VISA","5260","080","0.00","3000.1601.434410003","campsite rentals","02/19/2019","260466100","",""
"04/24/2020","12802904","Kerr Lake State Recreation Area","12802904","Kerr Lake State Recreation Area","VISA","","","420.00","2000.1601.000300000","Default Overpayment Deposit","06/22/2019","270649239","",""
"04/24/2020","12802904","Kerr Lake State Recreation Area","12802904","Kerr Lake State Recreation Area","VISA","2618","Group area","(411.00)","3000.1601.434410003","campsite rentals","06/22/2019","270649239","",""
"04/24/2020","12802904","Kerr Lake State Recreation Area","12802904","Kerr Lake State Recreation Area","VISA","2618","Group area","(9.00)","3000.1601.435900001","CRS Vendor Fees (Transaction Fees)","06/22/2019","270649239","",""
"04/24/2020","12802904","Kerr Lake State Recreation Area","12802904","Kerr Lake State Recreation Area","VISA","","","260.00","2000.1601.000300000","Default Overpayment Deposit","06/23/2019","270784466","",""
"04/24/2020","12802904","Kerr Lake State Recreation Area","12802904","Kerr Lake State Recreation Area","VISA","3298","Henderson Point Group Area","(248.00)","3000.1601.434410003","campsite rentals","06/23/2019","270784466","",""
"04/24/2020","12802904","Kerr Lake State Recreation Area","12802904","Kerr Lake State Recreation Area","VISA","3298","Henderson Point Group Area","(12.00)","3000.1601.435900001","CRS Vendor Fees (Transaction Fees)","06/23/2019","270784466","",""
"04/24/2020","12802904","Kerr Lake State Recreation Area","12802904","Kerr Lake State Recreation Area","VISA","","","240.00","2000.1601.000300000","Default Overpayment Deposit","06/27/2019","271226361","",""
"04/24/2020","12802904","Kerr Lake State Recreation Area","12802904","Kerr Lake State Recreation Area","VISA","4253","Hibernia Group Area","(231.00)","3000.1601.434410003","campsite rentals","06/27/2019","271226361","",""
"04/24/2020","12802904","Kerr Lake State Recreation Area","12802904","Kerr Lake State Recreation Area","VISA","4253","Hibernia Group Area","(9.00)","3000.1601.435900001","CRS Vendor Fees (Transaction Fees)","06/27/2019","271226361","",""
"04/24/2020","12802904","Kerr Lake State Recreation Area","12802904","Kerr Lake State Recreation Area","DISC","","","135.00","2000.1601.000300000","Default Overpayment Deposit","03/25/2020","287393280","",""
"04/24/2020","12802904","Kerr Lake State Recreation Area","12802904","Kerr Lake State Recreation Area","DISC","5384","056","(120.00)","3000.1601.434410003","campsite rentals","03/25/2020","287393280","",""
"04/24/2020","12802904","Kerr Lake State Recreation Area","12802904","Kerr Lake State Recreation Area","DISC","5384","056","(15.00)","3000.1601.435900001","CRS Vendor Fees (Transaction Fees)","03/25/2020","287393280","",""
"04/24/2020","12802904","Kerr Lake State Recreation Area","12802904","Kerr Lake State Recreation Area","VISA","","","135.00","2000.1601.000300000","Default Overpayment Deposit","03/30/2020","287549049","",""
"04/24/2020","12802904","Kerr Lake State Recreation Area","12802904","Kerr Lake State Recreation Area","VISA","5260","080","(120.00)","3000.1601.434410003","campsite rentals","03/30/2020","287549049","",""
"04/24/2020","12802904","Kerr Lake State Recreation Area","12802904","Kerr Lake State Recreation Area","VISA","5260","080","(15.00)","3000.1601.435900001","CRS Vendor Fees (Transaction Fees)","03/30/2020","287549049","",""
"04/25/2020","12802853","Lake Norman State Park","12802853","Lake Norman State Park","VISA","8140","BEVERAGES-FRUIT PUNCH GATORADE, 20OZ.","0.13","2000.1601.000211940","sales tax payable","04/25/2020","287930975","",""
"04/25/2020","12802853","Lake Norman State Park","12802853","Lake Norman State Park","VISA","8140","BEVERAGES-FRUIT PUNCH GATORADE, 20OZ.","1.87","3000.1601.434150004","PFR Revenues-Other","04/25/2020","287930975","",""
"04/25/2020","12802853","Lake Norman State Park","12802853","Lake Norman State Park","VISA","8401","FOOD-M & M PEANUT CANDY","0.06","2000.1601.000211940","sales tax payable","04/25/2020","287930975","",""
"04/25/2020","12802853","Lake Norman State Park","12802853","Lake Norman State Park","VISA","8401","FOOD-M & M PEANUT CANDY","0.94","3000.1601.434150004","PFR Revenues-Other","04/25/2020","287930975","",""
"04/25/2020","12802853","Lake Norman State Park","12802853","Lake Norman State Park","VISA","8416","FOOD-SNICKERS CANDY BAR","0.19","2000.1601.000211940","sales tax payable","04/25/2020","287930975","",""
"04/25/2020","12802853","Lake Norman State Park","12802853","Lake Norman State Park","VISA","8416","FOOD-SNICKERS CANDY BAR","2.82","3000.1601.434150004","PFR Revenues-Other","04/25/2020","287930975","",""
"04/25/2020","12802853","Lake Norman State Park","12802853","Lake Norman State Park","VISA","65552","Pepsi","0.13","2000.1601.000211940","sales tax payable","04/25/2020","287930975","",""
"04/25/2020","12802853","Lake Norman State Park","12802853","Lake Norman State Park","VISA","65552","Pepsi","1.87","3000.1601.434150004","PFR Revenues-Other","04/25/2020","287930975","",""
"04/25/2020","12802853","Lake Norman State Park","12802853","Lake Norman State Park","VISA","99402","Famous Amos Bite Size Chocolate Chip Cookies","0.19","2000.1601.000211940","sales tax payable","04/25/2020","287930975","",""
"04/25/2020","12802853","Lake Norman State Park","12802853","Lake Norman State Park","VISA","99402","Famous Amos Bite Size Chocolate Chip Cookies","2.82","3000.1601.434150004","PFR Revenues-Other","04/25/2020","287930975","",""
